PROJECT ID,Program ID,Wagon Number,Instruction,Instruction Sr No,Instruction Value,LOAD_NO,FlightBar,ACCUMULATED TIME
Program 1,1,1,Wait for sec,1,240,901,FB1,240
Program 1,1,1,Get from,2,1,901,FB1,252
Program 1,1,1,Put on,3,2,901,FB1,270
Program 1,1,1,Wait for sec,4,300,901,FB1,570
Program 1,1,1,Get from,5,2,901,FB1,582
Program 1,1,1,Put on,6,5,901,FB1,607
Program 1,1,1,Wait for sec,7,300,901,FB1,907
Program 1,1,1,Get from,8,5,901,FB1,919
Program 1,1,1,Put on,9,6,901,FB1,937
Program 1,1,1,Wait for sec,10,30,901,FB1,967
Program 1,1,1,Get from,11,6,901,FB1,979
Program 1,1,1,Put on,12,7,901,FB1,997
Program 1,1,1,Wait for sec,13,30,901,FB1,1027
Program 1,1,1,Get from,14,7,901,FB1,1039
Program 1,1,1,Put on,15,9,901,FB1,1061
Program 1,1,1,Wait for sec,16,750,901,FB1,1811
Program 1,1,1,Get from,17,9,901,FB1,1823
Program 1,1,1,Put on,18,11,901,FB1,1846
Program 1,1,1,Get from,19,1,902,FB2,1883
Program 1,1,1,Put on,20,2,902,FB2,1901
Program 1,1,1,Wait for sec,21,300,902,FB2,2201
Program 1,1,1,Get from,22,2,902,FB2,2213
Program 1,1,1,Put on,23,5,902,FB2,2239
Program 1,1,1,Wait for sec,24,300,902,FB2,2539
Program 1,1,1,Get from,25,5,902,FB2,2551
Program 1,1,1,Put on,26,6,902,FB2,2569
Program 1,1,1,Wait for sec,27,30,902,FB2,2599
Program 1,1,1,Get from,28,6,902,FB2,2611
Program 1,1,1,Put on,29,7,902,FB2,2629
Program 1,1,1,Wait for sec,30,30,902,FB2,2659
Program 1,1,1,Get from,31,7,902,FB2,2671
Program 1,1,1,Put on,32,10,902,FB2,2697
Program 1,1,1,Get from,33,1,903,FB3,2731
Program 1,1,1,Put on,34,2,903,FB3,2749
Program 1,1,1,Get from,35,11,901,FB1,2785
Program 1,1,1,Put on,36,1,901,FB1,2837
Program 1,1,1,Wait for sec,37,587,902,FB2,3424
Program 1,1,1,Get from,38,10,902,FB2,3459
Program 1,1,1,Put on,39,11,902,FB2,3477
Program 1,1,1,Get from,40,2,903,FB3,3513
Program 1,1,1,Put on,41,5,903,FB3,3538
Program 1,1,1,Wait for sec,42,300,903,FB3,3838
Program 1,1,1,Get from,43,5,903,FB3,3850
Program 1,1,1,Put on,44,6,903,FB3,3868
Program 1,1,1,Wait for sec,45,30,903,FB3,3898
Program 1,1,1,Get from,46,6,903,FB3,3910
Program 1,1,1,Put on,47,7,903,FB3,3928
Program 1,1,1,Wait for sec,48,30,903,FB3,3958
Program 1,1,1,Get from,49,7,903,FB3,3970
Program 1,1,1,Put on,50,9,903,FB3,3992
Program 1,1,1,Get from,51,1,1,FB1,4024
Program 1,1,1,Put on,52,2,1,FB1,4042
Program 1,1,1,Get from,53,11,902,FB2,4077
Program 1,1,1,Put on,54,1,902,FB2,4129
Program 1,1,1,Wait for sec,55,592,903,FB3,4721
Program 1,1,1,Get from,56,9,903,FB3,4754
Program 1,1,1,Put on,57,11,903,FB3,4777
Program 1,1,1,Get from,58,2,1,FB1,4812
Program 1,1,1,Put on,59,5,1,FB1,4837
Program 1,1,1,Wait for sec,60,300,1,FB1,5137
Program 1,1,1,Get from,61,5,1,FB1,5149
Program 1,1,1,Put on,62,6,1,FB1,5167
Program 1,1,1,Wait for sec,63,30,1,FB1,5197
Program 1,1,1,Get from,64,6,1,FB1,5209
Program 1,1,1,Put on,65,7,1,FB1,5227
Program 1,1,1,Wait for sec,66,30,1,FB1,5257
Program 1,1,1,Get from,67,7,1,FB1,5269
Program 1,1,1,Put on,68,10,1,FB1,5295
Program 1,1,1,Get from,69,1,2,FB2,5330
Program 1,1,1,Put on,70,2,2,FB2,5348
Program 1,1,1,Get from,71,11,903,FB3,5383
Program 1,1,1,Put on,72,1,903,FB3,5435
Program 1,1,1,Wait for sec,73,587,1,FB1,6022
Program 1,1,1,Get from,74,10,1,FB1,6057
Program 1,1,1,Put on,75,11,1,FB1,6076
Program 1,1,1,Get from,76,2,2,FB2,6111
Program 1,1,1,Put on,77,5,2,FB2,6136
Program 1,1,1,Wait for sec,78,300,2,FB2,6436
Program 1,1,1,Get from,79,5,2,FB2,6448
Program 1,1,1,Put on,80,6,2,FB2,6466
Program 1,1,1,Wait for sec,81,30,2,FB2,6496
Program 1,1,1,Get from,82,6,2,FB2,6508
Program 1,1,1,Put on,83,7,2,FB2,6526
Program 1,1,1,Wait for sec,84,30,2,FB2,6556
Program 1,1,1,Get from,85,7,2,FB2,6568
Program 1,1,1,Put on,86,9,2,FB2,6590
Program 1,1,1,Get from,87,1,3,FB3,6622
Program 1,1,1,Put on,88,2,3,FB3,6640
Program 1,1,1,Get from,89,11,1,FB1,6676
Program 1,1,1,Put on,90,1,1,FB1,6728
Program 1,1,1,Wait for sec,91,592,2,FB2,7320
Program 1,1,1,Get from,92,9,2,FB2,7352
Program 1,1,1,Put on,93,11,2,FB2,7375
Program 1,1,1,Get from,94,2,3,FB3,7411
Program 1,1,1,Put on,95,5,3,FB3,7436
Program 1,1,1,Wait for sec,96,300,3,FB3,7736
Program 1,1,1,Get from,97,5,3,FB3,7748
Program 1,1,1,Put on,98,6,3,FB3,7766
Program 1,1,1,Wait for sec,99,30,3,FB3,7796
Program 1,1,1,Get from,100,6,3,FB3,7808
Program 1,1,1,Put on,101,7,3,FB3,7826
Program 1,1,1,Wait for sec,102,30,3,FB3,7856
Program 1,1,1,Get from,103,7,3,FB3,7868
Program 1,1,1,Put on,104,10,3,FB3,7894
Program 1,1,1,Get from,105,1,4,FB1,7929
Program 1,1,1,Put on,106,2,4,FB1,7947
Program 1,1,1,Get from,107,11,2,FB2,7982
Program 1,1,1,Put on,108,1,2,FB2,8034
Program 1,1,1,Wait for sec,109,587,3,FB3,8621
Program 1,1,1,Get from,110,10,3,FB3,8656
Program 1,1,1,Put on,111,11,3,FB3,8675
Program 1,1,1,Get from,112,2,4,FB1,8710
Program 1,1,1,Put on,113,5,4,FB1,8735
Program 1,1,1,Wait for sec,114,300,4,FB1,9035
Program 1,1,1,Get from,115,5,4,FB1,9047
Program 1,1,1,Put on,116,6,4,FB1,9065
Program 1,1,1,Wait for sec,117,30,4,FB1,9095
Program 1,1,1,Get from,118,6,4,FB1,9107
Program 1,1,1,Put on,119,7,4,FB1,9125
Program 1,1,1,Wait for sec,120,30,4,FB1,9155
Program 1,1,1,Get from,121,7,4,FB1,9167
Program 1,1,1,Put on,122,9,4,FB1,9189
Program 1,1,1,Get from,123,1,5,FB2,9221
Program 1,1,1,Put on,124,2,5,FB2,9239
Program 1,1,1,Get from,125,11,3,FB3,9274
Program 1,1,1,Put on,126,1,3,FB3,9326
Program 1,1,1,Wait for sec,127,592,4,FB1,9918
Program 1,1,1,Get from,128,9,4,FB1,9951
Program 1,1,1,Put on,129,11,4,FB1,9974
Program 1,1,1,Get from,130,2,5,FB2,10009
Program 1,1,1,Put on,131,5,5,FB2,10034
Program 1,1,1,Wait for sec,132,300,5,FB2,10334
Program 1,1,1,Get from,133,5,5,FB2,10346
Program 1,1,1,Put on,134,6,5,FB2,10364
Program 1,1,1,Wait for sec,135,30,5,FB2,10394
Program 1,1,1,Get from,136,6,5,FB2,10406
Program 1,1,1,Put on,137,7,5,FB2,10424
Program 1,1,1,Wait for sec,138,30,5,FB2,10454
Program 1,1,1,Get from,139,7,5,FB2,10466
Program 1,1,1,Put on,140,10,5,FB2,10492
Program 1,1,1,Get from,141,1,6,FB3,10527
Program 1,1,1,Put on,142,2,6,FB3,10545
Program 1,1,1,Get from,143,11,4,FB1,10580
Program 1,1,1,Put on,144,1,4,FB1,10632
Program 1,1,1,Wait for sec,145,587,5,FB2,11220
Program 1,1,1,Get from,146,10,5,FB2,11254
Program 1,1,1,Put on,147,11,5,FB2,11273
Program 1,1,1,Get from,148,2,6,FB3,11308
Program 1,1,1,Put on,149,5,6,FB3,11334
Program 1,1,1,Wait for sec,150,300,6,FB3,11634
Program 1,1,1,Get from,151,5,6,FB3,11646
Program 1,1,1,Put on,152,6,6,FB3,11664
Program 1,1,1,Wait for sec,153,30,6,FB3,11694
Program 1,1,1,Get from,154,6,6,FB3,11706
Program 1,1,1,Put on,155,7,6,FB3,11724
Program 1,1,1,Wait for sec,156,30,6,FB3,11754
Program 1,1,1,Get from,157,7,6,FB3,11766
Program 1,1,1,Put on,158,9,6,FB3,11787
Program 1,1,1,Get from,159,1,7,FB1,11819
Program 1,1,1,Put on,160,2,7,FB1,11837
Program 1,1,1,Get from,161,11,5,FB2,11873
Program 1,1,1,Put on,162,1,5,FB2,11925
Program 1,1,1,Wait for sec,163,592,6,FB3,12517
Program 1,1,1,Get from,164,9,6,FB3,12549
Program 1,1,1,Put on,165,11,6,FB3,12572
Program 1,1,1,Get from,166,2,7,FB1,12608
Program 1,1,1,Put on,167,5,7,FB1,12633
Program 1,1,1,Wait for sec,168,300,7,FB1,12933
Program 1,1,1,Get from,169,5,7,FB1,12945
Program 1,1,1,Put on,170,6,7,FB1,12963
Program 1,1,1,Wait for sec,171,30,7,FB1,12993
Program 1,1,1,Get from,172,6,7,FB1,13005
Program 1,1,1,Put on,173,7,7,FB1,13023
Program 1,1,1,Wait for sec,174,30,7,FB1,13053
Program 1,1,1,Get from,175,7,7,FB1,13065
Program 1,1,1,Put on,176,10,7,FB1,13091
Program 1,1,1,Get from,177,1,8,FB2,13126
Program 1,1,1,Put on,178,2,8,FB2,13144
Program 1,1,1,Get from,179,11,6,FB3,13179
Program 1,1,1,Put on,180,1,6,FB3,13231
Program 1,1,1,Wait for sec,181,587,7,FB1,13818
Program 1,1,1,Get from,182,10,7,FB1,13853
Program 1,1,1,Put on,183,11,7,FB1,13872
Program 1,1,1,Get from,184,2,8,FB2,13907
Program 1,1,1,Put on,185,5,8,FB2,13932
Program 1,1,1,Wait for sec,186,300,8,FB2,14232
Program 1,1,1,Get from,187,5,8,FB2,14244
Program 1,1,1,Put on,188,6,8,FB2,14262
Program 1,1,1,Wait for sec,189,30,8,FB2,14292
Program 1,1,1,Get from,190,6,8,FB2,14304
Program 1,1,1,Put on,191,7,8,FB2,14322
Program 1,1,1,Wait for sec,192,30,8,FB2,14352
Program 1,1,1,Get from,193,7,8,FB2,14364
Program 1,1,1,Put on,194,9,8,FB2,14386
Program 1,1,1,Get from,195,1,9,FB3,14418
Program 1,1,1,Put on,196,2,9,FB3,14436
Program 1,1,1,Get from,197,11,7,FB1,14471
Program 1,1,1,Put on,198,1,7,FB1,14523
Program 1,1,1,Wait for sec,199,592,8,FB2,15116
Program 1,1,1,Get from,200,9,8,FB2,15148
Program 1,1,1,Put on,201,11,8,FB2,15171
Program 1,1,1,Get from,202,2,9,FB3,15206
Program 1,1,1,Put on,203,5,9,FB3,15231
Program 1,1,1,Wait for sec,204,300,9,FB3,15531
Program 1,1,1,Get from,205,5,9,FB3,15543
Program 1,1,1,Put on,206,6,9,FB3,15561
Program 1,1,1,Wait for sec,207,30,9,FB3,15591
Program 1,1,1,Get from,208,6,9,FB3,15603
Program 1,1,1,Put on,209,7,9,FB3,15621
Program 1,1,1,Wait for sec,210,30,9,FB3,15651
Program 1,1,1,Get from,211,7,9,FB3,15663
Program 1,1,1,Put on,212,10,9,FB3,15689
Program 1,1,1,Get from,213,1,10,FB1,15724
Program 1,1,1,Put on,214,2,10,FB1,15742
Program 1,1,1,Get from,215,11,8,FB2,15778
Program 1,1,1,Put on,216,1,8,FB2,15830
Program 1,1,1,Wait for sec,217,587,9,FB3,16417
Program 1,1,1,Get from,218,10,9,FB3,16451
Program 1,1,1,Put on,219,11,9,FB3,16470
Program 1,1,1,Get from,220,2,10,FB1,16506
Program 1,1,1,Put on,221,5,10,FB1,16531
Program 1,1,1,Wait for sec,222,300,10,FB1,16831
Program 1,1,1,Get from,223,5,10,FB1,16843
Program 1,1,1,Put on,224,6,10,FB1,16861
Program 1,1,1,Wait for sec,225,30,10,FB1,16891
Program 1,1,1,Get from,226,6,10,FB1,16903
Program 1,1,1,Put on,227,7,10,FB1,16921
Program 1,1,1,Wait for sec,228,30,10,FB1,16951
Program 1,1,1,Get from,229,7,10,FB1,16963
Program 1,1,1,Put on,230,9,10,FB1,16984
Program 1,1,1,Get from,231,1,101,FB2,17016
Program 1,1,1,Put on,232,2,101,FB2,17034
Program 1,1,1,Get from,233,11,9,FB3,17070
Program 1,1,1,Put on,234,1,9,FB3,17122
Program 1,1,1,Wait for sec,235,592,10,FB1,17714
Program 1,1,1,Get from,236,9,10,FB1,17746
Program 1,1,1,Put on,237,11,10,FB1,17770
Program 1,1,1,Get from,238,2,101,FB2,17805
Program 1,1,1,Put on,239,5,101,FB2,17830
Program 1,1,1,Wait for sec,240,300,101,FB2,18130
Program 1,1,1,Get from,241,5,101,FB2,18142
Program 1,1,1,Put on,242,6,101,FB2,18160
Program 1,1,1,Wait for sec,243,30,101,FB2,18190
Program 1,1,1,Get from,244,6,101,FB2,18202
Program 1,1,1,Put on,245,7,101,FB2,18220
Program 1,1,1,Wait for sec,246,30,101,FB2,18250
Program 1,1,1,Get from,247,7,101,FB2,18262
Program 1,1,1,Put on,248,10,101,FB2,18288
Program 1,1,1,Get from,249,1,102,FB3,18323
Program 1,1,1,Put on,250,2,102,FB3,18341
Program 1,1,1,Get from,251,11,10,FB1,18376
Program 1,1,1,Put on,252,1,10,FB1,18428
Program 1,1,1,Wait for sec,253,587,101,FB2,19015
Program 1,1,1,Get from,254,10,101,FB2,19050
Program 1,1,1,Put on,255,11,101,FB2,19069
Program 1,1,1,Get from,256,2,102,FB3,19104
Program 1,1,1,Put on,257,5,102,FB3,19129
Program 1,1,1,Wait for sec,258,300,102,FB3,19429
Program 1,1,1,Get from,259,5,102,FB3,19441
Program 1,1,1,Put on,260,6,102,FB3,19459
Program 1,1,1,Wait for sec,261,30,102,FB3,19489
Program 1,1,1,Get from,262,6,102,FB3,19501
Program 1,1,1,Put on,263,7,102,FB3,19519
Program 1,1,1,Wait for sec,264,30,102,FB3,19549
Program 1,1,1,Get from,265,7,102,FB3,19561
Program 1,1,1,Put on,266,9,102,FB3,19583
Program 1,1,1,Get from,267,1,103,FB1,19615
Program 1,1,1,Put on,268,2,103,FB1,19633
Program 1,1,1,Get from,269,11,101,FB2,19668
Program 1,1,1,Put on,270,1,101,FB2,19720
Program 1,1,1,Wait for sec,271,592,102,FB3,20313
Program 1,1,1,Get from,272,9,102,FB3,20345
Program 1,1,1,Put on,273,11,102,FB3,20368
Program 1,1,1,Get from,274,2,103,FB1,20403
Program 1,1,1,Put on,275,5,103,FB1,20429
Program 1,1,1,Wait for sec,276,300,103,FB1,20729
Program 1,1,1,Get from,277,5,103,FB1,20741
Program 1,1,1,Put on,278,6,103,FB1,20759
Program 1,1,1,Wait for sec,279,30,103,FB1,20789
Program 1,1,1,Get from,280,6,103,FB1,20801
Program 1,1,1,Put on,281,7,103,FB1,20819
Program 1,1,1,Wait for sec,282,30,103,FB1,20849
Program 1,1,1,Get from,283,7,103,FB1,20861
Program 1,1,1,Put on,284,10,103,FB1,20887
Program 1,1,1,Get from,285,11,102,FB3,20904
Program 1,1,1,Put on,286,1,102,FB3,20956
Program 1,1,1,Wait for sec,287,658,103,FB1,21614
Program 1,1,1,Get from,288,10,103,FB1,21649
Program 1,1,1,Put on,289,11,103,FB1,21667
Program 1,1,1,Wait for sec,290,30,103,FB1,21697
Program 1,1,1,Get from,291,11,103,FB1,21709
Program 1,1,1,Put on,292,1,103,FB1,21761
Program 1,1,1,Get from,293,1,0,FB2,21773
Program 1,1,1,Put on,294,1,0,FB2,21785
Program 1,1,1,Get from,295,1,0,FB3,21797
Program 1,1,1,Put on,296,1,0,FB3,21809
Program 1,1,1,Wait for sec,297,192,0,FB1,22001
Program 1,1,1,Get from,298,1,0,FB1,22013
Program 1,1,1,Put on,299,1,0,FB1,22025
